region,region_key,year,area_ha,production_t,yield_t_ha,yield_rainfed_t_ha,yield_irrigated_t_ha
Burgos,burgos,2011,208121.0,954635.036,3.990623153454,3.9777846930467353,4.4718
Burgos,burgos,2012,219643.0,848990.471,3.3628283613409033,3.3355358084513105,4.351400610066091
Burgos,burgos,2013,220982.0,1044139.994,4.110750173226779,4.0890012935901305,4.922382760534073
Burgos,burgos,2014,233607.0,977237.815,3.6394324615700726,3.6263646822870244,4.14642
Burgos,burgos,2015,214211.0,824401.936,3.348239279588817,3.3049909983761148,4.691025942549372
Burgos,burgos,2016,232314.0,1099547.82,4.117731188822026,4.095292696476604,4.837853367521367
Burgos,burgos,2017,220567.0,592471.817,2.3369338150765984,2.3134394239734877,3.061107489539749
Burgos,burgos,2018,223392.0,1026594.78,3.9980727089600343,3.9826036562293585,4.48393292180473
Burgos,burgos,2019,211108.0,798085.049,3.288998960863634,3.2398457590327334,4.902235078500481
Burgos,burgos,2020,184512.0,967007.559,4.559576484618887,4.536960832238037,5.266864497113871
Burgos,burgos,2021,226802.0,1125896.469,4.318876941252723,4.2817511044954,5.492421705248023
Burgos,burgos,2022,211245.0,713607.043,2.9389482705389476,2.8795694384645887,4.684906424870467
Burgos,burgos,2023,185670.0,504871.681,2.365693771045403,2.2944418333008216,4.412832110488391
Burgos,burgos,2024,185929.0,1007403.9870000001,4.713850279891787,4.664889352956864,6.197166105032822
León,leon,2011,49413.0,200159.05,3.5241408839779003,2.4795000000000003,4.915500000000001
León,leon,2012,53430.0,212407.25,3.4586245087029757,2.5665,4.872
León,leon,2013,60224.0,268408.73,3.8774507687964923,2.7839871534044294,5.567987862517969
León,leon,2014,62771.0,222723.861,3.0869312113874243,1.826980415697456,5.2972907007459415
León,leon,2015,57607.0,243910.8,3.6836217126390887,2.609729703213147,5.5677337668547375
León,leon,2016,58765.0,292423.294,4.329248120139539,3.3579318788509465,5.9235287378640775
León,leon,2017,62635.0,135042.225,1.8757361818472102,0.520247593154844,3.347642949247369
León,leon,2018,65671.0,319786.882,4.236490800201002,3.0726502687387307,5.559814978848031
León,leon,2019,51622.0,183774.33,3.0972001685327957,1.4386179255795444,5.426662666635615
León,leon,2020,53660.0,244967.0,3.971697540067089,3.0490146962884594,5.571105338495237
León,leon,2021,51362.0,219624.89,3.720136565943694,2.6969634530560804,5.610865167729415
León,leon,2022,59097.0,199461.81,2.9363888979135995,1.6964486786219914,5.193310866141732
León,leon,2023,45433.0,139173.21,2.6650384676336585,1.0656970104557915,5.641445147984887
León,leon,2024,36217.0,163399.954,3.9251721561697543,3.026702548807392,5.695217701328522
Palencia,palencia,2011,99584.0,415279.488,3.6280241259640102,3.38169,4.82937
Palencia,palencia,2012,112494.0,308954.593,2.3893762859352496,2.1496601224559457,3.588187279953056
Palencia,palencia,2013,119384.0,537470.626,3.916768114822757,3.7566565350149346,4.714549837133551
Palencia,palencia,2014,125876.0,420471.334,2.9061144346817502,2.6378905260167067,4.301909881715131
Palencia,palencia,2015,127182.0,451841.022,3.0908594702080485,2.7508609841667617,4.7313358147842814
Palencia,palencia,2016,132696.0,623832.414,4.09005697368421,3.880970078655801,5.062311925828153
Palencia,palencia,2017,128471.0,194930.59,1.320061440325054,0.9788256229043074,2.8214158507061198
Palencia,palencia,2018,130666.0,555754.108,3.7003204656146207,3.383645416843595,5.059505524685108
Palencia,palencia,2019,114418.0,365437.026,2.7786730463738225,2.37243053674386,4.669058604674144
Palencia,palencia,2020,118163.0,454754.225,3.3482238581451047,3.130209896511124,4.33733157537135
Palencia,palencia,2021,138097.0,628456.875,3.959227798214298,3.64512081082511,5.401710777516806
Palencia,palencia,2022,137192.0,503486.89,3.192850853548312,2.7903209410003478,5.001841655520404
Palencia,palencia,2023,116538.0,350989.618,2.620269505740617,2.1997153608441877,4.521499383675209
Palencia,palencia,2024,120283.0,576148.736,4.167250570072246,3.874719758443714,5.427110282361246
Salamanca,salamanca,2011,65812.0,238640.045,3.1546957872424484,3.096699428711336,3.9411
Salamanca,salamanca,2012,65319.0,173648.47,2.312867142791531,2.228914460807601,3.5119526532522234
Salamanca,salamanca,2013,65759.0,226811.50400000002,3.0007452741069667,2.9536500000000006,3.6522600000000005
Salamanca,salamanca,2014,76722.0,184430.933,2.091380721435833,2.0600182715485236,2.419472989244099
Salamanca,salamanca,2015,72952.0,197381.83000000002,2.353906570073473,2.2533000000000003,3.4277999999999995
Salamanca,salamanca,2016,75382.0,304261.019,3.511542364622854,3.407088282242881,4.471424270072993
Salamanca,salamanca,2017,60339.0,80515.043,1.1609089877193854,1.0184919612523593,2.3831578275369223
Salamanca,salamanca,2018,71513.0,289097.547,3.5170509682155693,3.405480931775949,4.473009432700027
Salamanca,salamanca,2019,57844.0,108712.836,1.6350903692690684,1.4249776646637393,3.477977543918919
Salamanca,salamanca,2020,69243.0,287132.766,3.607664405355054,3.4866559987929993,4.821526971483193
Salamanca,salamanca,2021,72839.0,264765.348,3.1623972426859237,3.018014914427263,4.706354039171617
Salamanca,salamanca,2022,70526.0,207313.57,2.557394519751581,2.322865566994131,4.753845714285714
Salamanca,salamanca,2023,57536.0,154351.08,2.333937701612903,2.000910272764283,5.219634637997649
Salamanca,salamanca,2024,68369.0,249992.0,3.1811645628866887,2.9578461110110226,5.045928610503282
Segovia,segovia,2011,63150.0,224616.0,3.0944722090261285,3.045,4.35
Segovia,segovia,2012,66794.0,155086.79,2.020024362966734,2.228914460807601,3.5119526532522234
Segovia,segovia,2013,69894.0,253037.578,3.149665105159241,2.9536500000000006,3.6522600000000005
Segovia,segovia,2014,71511.0,160046.159,1.9471152456265473,2.0600182715485236,2.419472989244099
Segovia,segovia,2015,73299.0,186050.96399999998,2.208274856137191,2.2533000000000003,3.4277999999999995
Segovia,segovia,2016,74627.0,246853.881,2.8778173646267438,3.407088282242881,4.471424270072993
Segovia,segovia,2017,74448.0,79089.443,0.9242399447936815,1.0184919612523593,2.3831578275369223
Segovia,segovia,2018,72762.0,231744.954,2.770925895110085,3.405480931775949,4.473009432700027
Segovia,segovia,2019,71677.0,156730.393,1.9023597794271525,1.4249776646637393,3.477977543918919
Segovia,segovia,2020,66664.0,270593.26,3.5313832983319338,3.4866559987929993,4.821526971483193
Segovia,segovia,2021,76902.0,271030.372,3.066193644378559,3.018014914427263,4.706354039171617
Segovia,segovia,2022,69503.0,166734.5,2.0870899817274076,1.9573558470383328,3.907379974048443
Segovia,segovia,2023,63660.0,103992.459,1.4211976017907635,1.3621162043663226,2.61
Segovia,segovia,2024,63091.0,183593.533,2.531682390673789,2.4454219776113204,4.333782741151978
Soria,soria,2011,100917.0,396674.931,3.419713130295193,3.38865,4.33173
Soria,soria,2012,100199.0,139309.209,1.2095830480344114,1.140400739299611,3.23466
Soria,soria,2013,102011.0,410688.058,3.502549827567615,3.4799937956256284,4.1238
Soria,soria,2014,106283.0,299746.132,2.453629788771487,2.4132525538036824,3.672100797887943
Soria,soria,2015,103555.0,290747.64800000004,2.442667700835305,2.3968298366095224,3.554571307317073
Soria,soria,2016,108324.0,419606.301,3.3700517140245925,3.340277405262049,4.171961835997937
Soria,soria,2017,96535.0,173144.218,1.5604233662402238,1.4776402863788025,3.2441001923076924
Soria,soria,2018,100921.0,370382.055,3.192917111899406,3.154149707157456,4.121858154835517
Soria,soria,2019,98709.0,305396.136,2.691696180895359,2.6205369654880375,4.273644754059779
Soria,soria,2020,87757.0,381549.577,3.7825829505338606,3.717493978511274,5.218285601681556
Soria,soria,2021,115405.0,482031.427,3.6338749750010835,3.585252284084613,4.64319
Soria,soria,2022,111510.0,256330.774,1.999890354048964,1.888758452954603,4.343168888888889
Soria,soria,2023,92629.0,97755.928,0.9181536814604496,0.8334553360703016,2.697
Soria,soria,2024,87716.0,338517.601,3.35754381036527,3.311979976507906,4.34792534992224
Valladolid,valladolid,2011,62763.0,239276.26,3.316768577027867,3.0536999999999996,4.35
Valladolid,valladolid,2012,71488.0,188361.484,2.2923356518576545,1.9377770582196547,3.746187784674658
Valladolid,valladolid,2013,79214.0,330110.111,3.625568669300881,3.4382707550638876,4.462121212476709
Valladolid,valladolid,2014,94699.0,270698.57,2.4869085829839808,2.2794,3.4713000000000007
Valladolid,valladolid,2015,101092.0,326876.84,2.813109353855894,2.4099,4.6719
Valladolid,valladolid,2016,111064.0,551756.246,4.322083969783188,4.143120070449332,5.184698780066028
Valladolid,valladolid,2017,108595.0,136161.373,1.090845752658962,0.6262915495668913,3.3978696005933413
Valladolid,valladolid,2018,109602.0,442456.81,3.5121386899874087,3.3488270257793964,4.3823327143599515
Valladolid,valladolid,2019,100384.0,210558.874,1.8248547615157795,1.5331798616921672,3.362347922159055
Valladolid,valladolid,2020,105117.0,516277.022,4.272962595393704,4.090884002647238,5.2353889021108655
Valladolid,valladolid,2021,118996.0,481529.088,3.5205410817170324,3.2866909506861712,4.711463373611182
Valladolid,valladolid,2022,123250.0,360023.839,2.541344745882353,2.2013148409725996,4.277441155256118
Valladolid,valladolid,2023,106776.0,228721.913,1.8636029099235782,1.3890557482829324,4.280368029671897
Valladolid,valladolid,2024,121713.0,549944.987,3.9309863259471047,3.5573987863905328,5.795889418106631
Zamora,zamora,2011,57187.0,188760.053,2.8716534546312977,2.695840736040609,4.18220333826795
Zamora,zamora,2012,61490.0,181945.297,2.574278880956253,2.3423741499227204,4.338988811257351
Zamora,zamora,2013,67871.0,265530.823,3.4036895877473436,3.2868357408419904,4.342330476443972
Zamora,zamora,2014,74739.0,176672.33699999997,2.056555923814875,1.890749392028822,3.4161327474150665
Zamora,zamora,2015,76170.0,211217.977,2.412493632532493,2.150719154558054,4.349347667879591
Zamora,zamora,2016,72810.0,315149.691,3.7656947008652657,3.692896012158339,4.317068471502591
Zamora,zamora,2017,71167.0,85791.666,1.0487831357230175,0.693834684234439,3.3419756263759304
Zamora,zamora,2018,68184.0,259519.892,3.311367858148539,3.030989650687087,4.771141452758056
Zamora,zamora,2019,62847.0,159112.983,2.202623756265216,1.9223689310332253,4.121541736796105
Zamora,zamora,2020,69636.0,301109.94,3.7619284249526106,3.5491605525280296,5.214475103967629
Zamora,zamora,2021,70616.0,284529.911,3.5054523418205505,3.263742081606786,5.14416642172524
Zamora,zamora,2022,76821.0,147179.378,1.6668106228765571,1.3937695314802958,3.566924285122255
Zamora,zamora,2023,55698.0,114471.512,1.7880393450393193,1.385779134516461,3.86367
Zamora,zamora,2024,66660.0,235842.75599999996,3.0780557713771373,2.860457107162687,4.4671393132476735
Ávila,avila,2011,34687.0,122892.259,3.082315141984029,2.94321,4.176
Ávila,avila,2012,32889.0,73610.5,1.9471900939523854,1.7399794423440453,3.827253905053599
Ávila,avila,2013,34120.0,106992.94,2.728131822977726,2.528156855538201,4.22166539091586
Ávila,avila,2014,38869.0,72308.917,1.618481509429108,1.4676580669456065,2.85882
Ávila,avila,2015,39214.0,104344.718,2.314987113275871,2.1654299999999997,3.7940699999999996
Ávila,avila,2016,38921.0,126872.261,2.8359720220446545,2.7368563008396185,3.75579
Ávila,avila,2017,35880.0,27930.201,0.6772373152173913,0.50025,2.910232872865275
Ávila,avila,2018,34914.0,120199.376,2.995172627599244,2.88579,4.209987316227462
Ávila,avila,2019,33257.0,51848.237,1.3563450157861503,1.18407,3.25467
Ávila,avila,2020,33504.0,146160.173,3.7953483318409744,3.6592200000000004,5.175457908909574
Ávila,avila,2021,36833.0,125471.016,2.9636408633562294,2.780480468806347,4.67712
Ávila,avila,2022,36151.0,75418.953,1.8150117316256813,1.6142164968902843,4.0107
Ávila,avila,2023,29174.0,38628.88,1.1519546719681908,0.7934365513035524,4.353479999999999
Ávila,avila,2024,30987.0,62996.766,1.7687154748765612,1.6585475365555749,3.1224300000000005
